country,1972
Afghanistan,0.8054919908466819
Angola,0.7225400457665904
Albania,0.3020594965675057
Andorra,0.03575514874141876
UAE,0.19994279176201374
Argentina,0.16962242562929064
Armenia,0.23140732265446223
Antigua and Barbuda,0.1221395881006865
Australia,0.02831807780320366
Austria,0.05034324942791761
Azerbaijan,0.2991990846681922
Burundi,0.6853546910755148
Belgium,0.032894736842105254
Benin,0.6967963386727688
Burkina Faso,0.8569794050343249
Bangladesh,0.6052631578947368
Bulgaria,0.05663615560640732
Bahrain,0.14702517162471396
Bahamas,0.05949656750572081
Bosnia and Herzegovina,0.15732265446224258
Belarus,0.0337528604118993
Belize,0.22511441647597252
Bolivia,0.5881006864988558
Brazil,0.3306636155606407
Barbados,0.09353546910755149
Brunei,0.14044622425629288
Bhutan,0.7025171624713958
Botswana,0.2877574370709382
Central African Republic,0.5823798627002288
Canada,0.027173913043478257
Switzerland,0.018020594965675055
Chile,0.19250572082379863
China,0.2591533180778032
Cote d'Ivoire,0.6252860411899314
Cameroon,0.5337528604118993
"Congo, Dem. Rep.",0.6538901601830663
"Congo, Rep.",0.3535469107551487
Colombia,0.22940503432494275
Comoros,0.5938215102974828
Cape Verde,0.3850114416475972
Costa Rica,0.1553203661327231
Cuba,0.06779176201372998
Cyprus,0.06092677345537757
Czech Republic,0.04776887871853547
Germany,0.038901601830663615
Djibouti,0.5108695652173912
Dominica,0.10726544622425628
Denmark,0.012871853546910755
Dominican Republic,0.3049199084668192
Algeria,0.6252860411899314
Ecuador,0.3421052631578947
Egypt,0.6453089244851258
Eritrea,0.6081235697940504
Spain,0.04204805491990847
Estonia,0.038043478260869554
Ethiopia,0.6653318077803203
Finland,0.0120137299771167
Fiji,0.1312929061784897
France,0.017734553775743706
"Micronesia, Fed. Sts.",0.1916475972540046
Gabon,0.43077803203661325
UK,0.027459954233409606
Georgia,0.18649885583524023
Ghana,0.5366132723112128
Guinea,0.879862700228833
Gambia,0.7826086956521738
Guinea-Bissau,0.7883295194508009
Equatorial Guinea,0.6224256292906178
Greece,0.05091533180778031
Grenada,0.1284324942791762
Guatemala,0.43077803203661325
Guyana,0.1799199084668192
"Hong Kong, China",0.032036613272311214
Honduras,0.35640732265446223
Holy See,0.25629290617848965
Croatia,0.059782608695652176
Haiti,0.6310068649885583
Hungary,0.07923340961098398
Indonesia,0.41361556064073224
India,0.5623569794050343
Ireland,0.03146453089244851
Iran,0.4765446224256292
Iraq,0.26487414187643016
Iceland,0.012585812356979406
Israel,0.05692219679633867
Italy,0.05577803203661326
Jamaica,0.12185354691075513
Jordan,0.20194508009153317
Japan,0.015160183066361549
Kazakhstan,0.20594965675057209
Kenya,0.3850114416475972
Kyrgyz Republic,0.3049199084668192
Cambodia,0.6996567505720823
Kiribati,0.3449656750572082
St. Kitts and Nevis,0.16676201372997712
South Korea,0.12299771167048053
Kuwait,0.14702517162471396
Lao,0.6281464530892448
Lebanon,0.1410183066361556
Liberia,0.7625858123569793
Libya,0.3049199084668192
St. Lucia,0.14874141876430202
Liechtenstein,0.053775743707093815
Sri Lanka,0.16933638443935922
Lesotho,0.45652173913043476
Lithuania,0.029462242562929057
Luxembourg,0.027173913043478257
Latvia,0.037185354691075506
Morocco,0.48226544622425627
Monaco,0.0
Moldova,0.15102974828375287
Madagascar,0.49370709382151023
Maldives,0.6453089244851258
Mexico,0.25629290617848965
Marshall Islands,0.18220823798627
North Macedonia,0.18192219679633864
Mali,1.0
Malta,0.04204805491990847
Myanmar,0.45080091533180777
Montenegro,0.07894736842105263
Mongolia,0.5223112128146453
Mozambique,0.7454233409610983
Mauritania,0.5137299771167048
Mauritius,0.19851258581235698
Malawi,0.914187643020595
Malaysia,0.11127002288329517
Namibia,0.25400457665903886
Niger,0.9284897025171625
Nigeria,0.7397025171624714
Nicaragua,0.44221967963386727
Netherlands,0.01229977116704805
Norway,0.013157894736842105
Nepal,0.6967963386727688
Nauru,0.22168192219679633
New Zealand,0.027173913043478257
Oman,0.5537757437070938
Pakistan,0.49656750572082375
Panama,0.14016018306636152
Peru,0.41647597254004576
Philippines,0.20623569794050345
Palau,0.10583524027459952
Papua New Guinea,0.35640732265446223
Poland,0.06321510297482837
North Korea,0.14959954233409611
Portugal,0.13558352402745993
Paraguay,0.18878718535469108
Palestine,0.3192219679633867
Qatar,0.13415331807780317
Romania,0.10411899313501143
Russia,0.07036613272311212
Rwanda,0.6252860411899314
Saudi Arabia,0.4279176201372997
Sudan,0.4107551487414187
Senegal,0.7625858123569793
Singapore,0.038901601830663615
Solomon Islands,0.22826086956521735
Sierra Leone,0.8941647597254004
El Salvador,0.3792906178489702
San Marino,0.07637299771167048
Somalia,0.6281464530892448
Serbia,0.13758581235697942
South Sudan,0.8884439359267734
Sao Tome and Principe,0.21824942791762014
Suriname,0.17734553775743706
Slovak Republic,0.07036613272311212
Slovenia,0.03089244851258581
Sweden,0.0054347826086956486
Eswatini,0.43649885583524023
Seychelles,0.15675057208237986
Syria,0.23569794050343246
Chad,0.6853546910755148
Togo,0.5823798627002288
Thailand,0.22625858123569792
Tajikistan,0.41361556064073224
Turkmenistan,0.39645308924485123
Timor-Leste,0.6538901601830663
Tonga,0.09467963386727689
Trinidad and Tobago,0.11155606407322653
Tunisia,0.43077803203661325
Turkey,0.4765446224256292
Tuvalu,0.2196796338672769
Taiwan,0.03346681922196797
Tanzania,0.5652173913043478
Uganda,0.5165903890160183
Ukraine,0.06464530892448513
Uruguay,0.12271167048054919
USA,0.03175057208237986
Uzbekistan,0.36498855835240274
St. Vincent and the Grenadines,0.17677345537757438
Venezuela,0.13787185354691073
Vietnam,0.19879862700228834
Vanuatu,0.25600686498855835
Samoa,0.2256864988558352
Yemen,0.8398169336384439
South Africa,0.3707093821510297
Zambia,0.45652173913043476
Zimbabwe,0.2934782608695652
